[
  {
    "link": "/news/world-latin-america-68888587",
    "title": "Argentina seeks arrest of Iranian minister over bombing",
    "description": "The call for his arrest comes after an Argentine court blamed Iran for an attack on a Jewish centre.",
    "lastUpdate": "2 days ago",
    "tag": "Latin America & Caribbean"
  },
  {
    "time": "2024-04-12",
    "href": "https://www.bbc.com/persian/articles/cz9ldz3qyx2o",
    "title": "دادگاهی در آرژانتین ایران را «دولتی تروریستی» اعلام کرد"
  },
  {
    "time": "2024-04-24",
    "href": "https://www.bbc.com/persian/articles/cy63gzgepglo",
    "title": "آرژانتین خواستار دستگیری احمد وحیدی، وزیر کشور ایران شد"
  },
  {
    "time": "PT39S",
    "href": "https://www.bbc.com/persian/articles/cyxeq4rljzjo",
    "title": "ویدیو,\nراهیابی زنی ۶۰ ساله به فینال مسابقات «ملکه زیبایی» آرژانتین\nمدت, 0,39"
  }
]
