[
  {
    "time": "2024-04-12",
    "href": "https://www.bbc.com/persian/articles/c97zydynp49o",
    "title": "انتخابات آمریکا؛ آریزونا بحث سقط جنین را در کانون توجه قرار داد"
  },
  {
    "link": "/news/world-us-canada-68891522",
    "title": "Arizona House votes to repeal 1864 abortion ban",
    "description": "It was the third attempt to take up repealing the near-total ban, which was recently resurrected by a state court.",
    "lastUpdate": "2 days ago",
    "tag": "US & Canada"
  }
]
