[
  {
    "link": "/news/world-europe-68882269",
    "title": "Armenians fear another war despite talk of peace",
    "description": "Ethnic Armenians who lost their homes in Nagorno-Karabakh worry Azerbaijan plans another war.",
    "lastUpdate": "3 days ago",
    "tag": "Europe"
  },
  {
    "time": "2024-04-25",
    "href": "https://www.bbc.com/persian/articles/cv263v2wnx9o",
    "title": "چرا ارمنستان نگران جنگ جدید با جمهوری آذربایجان است؟"
  }
]
