[
  {
    "link": "/news/world-us-canada-68893185",
    "title": "House speaker heckled by protesters in campus visit",
    "description": "While Mike Johnson visited Columbia, police confronted pro-Palestinian protesters at campuses in Texas and California.",
    "lastUpdate": "2 days ago",
    "tag": "US & Canada"
  },
  {
    "link": "/news/world-us-canada-68887165",
    "title": "Inside Columbia's campus as students protest",
    "description": "Hundreds of students have been camping on the university lawn, sparking a nationwide wave of campus protests.",
    "lastUpdate": "2 days ago",
    "tag": "US & Canada"
  },
  {
    "link": "/news/world-us-canada-68886727",
    "title": "Columbia protesters vow to remain until demands met",
    "description": "Activists at the New York university want amnesty for disciplined students before ending their Gaza protest.",
    "lastUpdate": "2 days ago",
    "tag": "US & Canada"
  },
  {
    "link": "/news/world-us-canada-68883271",
    "title": "Protesters refuse to leave Columbia University campus",
    "description": "A deadline for pro-Palestinian protesters to disband from the university's main campus was set for midnight.",
    "lastUpdate": "2 days ago",
    "tag": "US & Canada"
  },
  {
    "link": "/news/world-us-canada-68886727",
    "title": "Columbia protesters vow to remain until demands met",
    "description": "Activists at the New York university want amnesty for disciplined students before ending their Gaza protest.",
    "lastUpdate": "2 days ago",
    "tag": "US & Canada"
  },
  {
    "link": "/news/world-us-canada-68883271",
    "title": "Protesters refuse to leave Columbia University campus",
    "description": "A deadline for pro-Palestinian protesters to disband from the university's main campus was set for midnight.",
    "lastUpdate": "2 days ago",
    "tag": "US & Canada"
  },
  {
    "time": "2024-04-25",
    "href": "https://www.bbc.com/persian/articles/cyxeqj18wkjo",
    "title": "دانشجویان معترض دانشگاه کلمبیا سخنرانی رئیس مجلس نمایندگان آمریکا را مختل کردند"
  },
  {
    "time": "PT2M3S",
    "href": "https://www.bbc.com/persian/articles/c0w0r9d0544o",
    "title": "ویدیو,\nادامه تجمع معترضان ضدجنگ در دانشگاه کلمبیا\nمدت, 2,03"
  },
  {
    "time": "2024-04-23",
    "href": "https://www.bbc.com/persian/articles/c72pnlx0lejo",
    "title": "اعتراضات دانشجویی در آمریکا؛ کلمبیا کلاس‌ها را غیرحضوری کرد،‌ رئیس مجلس راهی نیویورک می‌شود"
  },
  {
    "link": "/news/world-us-canada-68893185",
    "title": "House speaker heckled by protesters in campus visit",
    "description": "While Mike Johnson visited Columbia, police confronted pro-Palestinian protesters at campuses in Texas and California.",
    "lastUpdate": "2 days ago",
    "tag": "US & Canada"
  }
]
