[
  {
    "link": "/news/world-europe-68881833",
    "title": "Russia or EU? Controversial bill draws Georgians on to streets",
    "description": "Thousands of Georgians have been protesting against a new bill that they claim will crush dissent.",
    "lastUpdate": "2 days ago",
    "tag": "Europe"
  },
  {
    "time": "2024-04-26",
    "href": "https://www.bbc.com/persian/articles/cn3d49jdenno",
    "title": "چرا هزاران گرجستانی هر روز تظاهرات می‌کنند؟"
  }
]
