[
  {
    "link": "/news/world-middle-east-68893885",
    "title": "'Stay strong,' parents tell Gaza hostage after video",
    "description": "Hamas issues a proof-of-life video of US-Israeli Hersh Goldberg-Polin, abducted on 7 October.",
    "lastUpdate": "1 day ago",
    "tag": "Middle East"
  },
  {
    "time": "2024-04-25",
    "href": "https://www.bbc.com/persian/articles/cekl3m1r3rvo",
    "title": "آمریکا و هفده کشور دیگر از حماس خواسته‌اند با آزادی گروگان‌ها به بحران غزه پایان دهد"
  }
]
