[
  {
    "link": "/news/world-asia-68879492",
    "title": "The fate of Korea's 'first and biggest' sex festival",
    "description": "It was to feature events like a bondage fashion show. But then the authorities cracked down.",
    "lastUpdate": "3 days ago",
    "tag": "Asia"
  },
  {
    "time": "2024-04-21",
    "href": "https://www.bbc.com/persian/articles/cp0gdq91j65o",
    "title": "اعتصاب پزشکان در کره‌جنوبی؛ صدها بیمار در بیمارستان‌های نظامی مداوا می‌شوند"
  },
  {
    "time": "2024-04-20",
    "href": "https://www.bbc.com/persian/articles/czvj41k722po",
    "title": "کره شمالی از آزمایش یک «کلاهک بسیار بزرگ» موشک‌های کروز خبر داد"
  },
  {
    "time": "2024-04-24",
    "href": "https://www.bbc.com/persian/articles/c72pq2p902vo",
    "title": "سفر کم‌سابقه یک هیئت کره شمالی به تهران"
  }
]
