[
  {
    "time": "2024-04-23",
    "href": "https://www.bbc.com/persian/articles/c51np0v4g92o",
    "title": "دختر هفت ساله در میان پناهجویان جانباخته کانال مانش"
  },
  {
    "link": "/news/world-europe-68880671",
    "title": "Girl, 7, among five dead on Channel migrant boat",
    "description": "French authorities say the victims had boarded an overloaded boat which was attempting to reach the UK.",
    "lastUpdate": "3 days ago",
    "tag": "Europe"
  },
  {
    "link": "/news/world-europe-68891950",
    "title": "'Business as usual' for Channel crossings despite migrant deaths",
    "description": "Prospective migrants trying to reach the UK from France say smuggling operations are continuing after Tuesday's tragedy.",
    "lastUpdate": "2 days ago",
    "tag": "Europe"
  }
]
