[
  {
    "time": "2024-04-26",
    "href": "https://www.bbc.com/persian/articles/cpdg8zyd2r8o",
    "title": "خشم مسئولان نامیبیا از گردشگرانی که روی تپه شنی «بیگ ددی» عکس برهنه گرفتند"
  },
  {
    "link": "/news/world-africa-68895522",
    "title": "Namibia condemns tourists posing naked in dune safari",
    "description": "Photos of the three naked tourists have gone viral in Namibia, angering the authorities.",
    "lastUpdate": "1 day ago",
    "tag": "Africa"
  }
]
