[
  {
    "link": "/news/world-europe-68888835",
    "title": "Huge fire rages at Russian oil facility",
    "description": "Ukrainian sources said the drones hit two facilities in the Smolensk region.",
    "lastUpdate": "2 days ago",
    "tag": "Europe"
  },
  {
    "link": "/news/world-europe-68886406",
    "title": "Top Russian defence official accused of taking bribes",
    "description": "Deputy Defence Minister Timur Ivanov is remanded in custody in a rare case against a high-ranking official.",
    "lastUpdate": "2 days ago",
    "tag": "Europe"
  },
  {
    "link": "/news/world-europe-68891950",
    "title": "'Business as usual' for Channel crossings despite migrant deaths",
    "description": "Prospective migrants trying to reach the UK from France say smuggling operations are continuing after Tuesday's tragedy.",
    "lastUpdate": "2 days ago",
    "tag": "Europe"
  },
  {
    "link": "/news/world-europe-68893589",
    "title": "BBC Verify examines reported strikes on Russian oil depots",
    "description": "The reported strikes have been geolocated to the Smolensk region of western Russia.",
    "lastUpdate": "2 days ago",
    "tag": "Europe"
  },
  {
    "link": "/news/world-europe-68872783",
    "title": "What $61bn US aid boost could mean for Ukraine",
    "description": "After weeks of Russian advances, there are three areas where Ukraine could now strengthen its defences.",
    "lastUpdate": "2 days ago",
    "tag": "Europe"
  },
  {
    "link": "/news/world-europe-68881833",
    "title": "Russia or EU? Controversial bill draws Georgians on to streets",
    "description": "Thousands of Georgians have been protesting against a new bill that they claim will crush dissent.",
    "lastUpdate": "2 days ago",
    "tag": "Europe"
  },
  {
    "link": "/news/world-europe-68893196",
    "title": "Ukraine uses longer-range US missiles for first time",
    "description": "Missiles secretly delivered this month have been used to strike Russian targets in Crimea, US media say.",
    "lastUpdate": "1 day ago",
    "tag": "Europe"
  },
  {
    "link": "/news/world-europe-62002218",
    "title": "What weapons are being supplied to Ukraine?",
    "description": "US President Joe Biden has approved an extra $61bn of military aid to help Ukraine fight Russia.",
    "lastUpdate": "1 day ago",
    "tag": "Europe"
  },
  {
    "link": "/news/world-us-canada-68903289",
    "title": "If China won't act, we will - Blinken",
    "description": "Secretary of State Antony Blinken says the US will act if China does not stop sending parts to Russia.",
    "lastUpdate": "2 hrs ago",
    "tag": "US & Canada"
  },
  {
    "time": "2024-04-25",
    "href": "https://www.bbc.com/persian/articles/c4n1zqp9ep8o",
    "title": "آیا اوکراینی‌ها در جنگ سودان با واگنر روسیه می‌جنگند؟"
  },
  {
    "time": "2024-04-25",
    "href": "https://www.bbc.com/persian/articles/ce5l76ylpppo",
    "title": "روسیه قطعنامه شورای امنیت سازمان ملل برای توقف مسابقه تسلیحاتی در فضا را وتو کرد"
  },
  {
    "time": "2024-04-24",
    "href": "https://www.bbc.com/persian/articles/cq5n2x4218eo",
    "title": "بازداشت معاون وزیر دفاع روسیه به اتهام دریافت «رشوه کلان»"
  },
  {
    "time": "2024-04-18",
    "href": "https://www.bbc.com/persian/articles/c51n20z48geo",
    "title": "۵۰ هزار سرباز کشته شدند؛ تحقیقات بی‌بی‌سی‌ بهای واقعی جنگ در اوکراین برای روسیه را نشان می‌دهد"
  },
  {
    "time": "2024-04-18",
    "href": "https://www.bbc.com/persian/articles/cy637jwp2x2o",
    "title": "بازداشت دو مظنون به جاسوسی برای روسیه در آلمان،‌ سفیر مسکو احضار شد"
  },
  {
    "time": "2024-04-13",
    "href": "https://www.bbc.com/persian/articles/cyrld02jx1ko",
    "title": "بلژیک درباره مداخله روسیه در انتخابات پارلمان اروپا تحقیق می‌کند"
  },
  {
    "time": "2024-04-12",
    "href": "https://www.bbc.com/persian/articles/c4n1qg03zq8o",
    "title": "سیل در روسیه و قزاقستان؛ ۱۱ هزار و ۷۰۰ خانه زیر آب رفت"
  },
  {
    "time": "2024-04-12",
    "href": "https://www.bbc.com/persian/articles/c1vw7n70n76o",
    "title": "چرا روسیه در صدد متهم کردن اوکراین به حمله مرگبار به سالن کنسرت است؟"
  },
  {
    "time": "2024-04-11",
    "href": "https://www.bbc.com/persian/articles/c4n1d8xl4p1o",
    "title": "حملات موشکی و پهپادی روسیه به زیرساخت‌های انرژی اوکراین"
  }
]
