[
  {
    "link": "/news/world-europe-68886406",
    "title": "Top Russian defence official accused of taking bribes",
    "description": "Deputy Defence Minister Timur Ivanov is remanded in custody in a rare case against a high-ranking official.",
    "lastUpdate": "2 days ago",
    "tag": "Europe"
  },
  {
    "time": "2024-04-24",
    "href": "https://www.bbc.com/persian/articles/cq5n2x4218eo",
    "title": "بازداشت معاون وزیر دفاع روسیه به اتهام دریافت «رشوه کلان»"
  }
]
