[
  {
    "time": "2024-04-15",
    "href": "https://www.bbc.com/persian/articles/crgyvpxey79o",
    "title": "حمله مرگبار در مرکز خرید سیدنی؛ پلیس می‌گوید هدف مهاجم «زنان» بود"
  },
  {
    "time": "2024-04-15",
    "href": "https://www.bbc.com/persian/articles/cq5nz1wdwl2o",
    "title": "حمله با چاقو در کلیسایی در سیدنی استرالیا چهار مجروح به جا گذاشت"
  },
  {
    "time": "2024-04-13",
    "href": "https://www.bbc.com/persian/articles/c80zp1qwrx8o",
    "title": "حمله مرگبار در سیدنی؛ نخست‌وزیر استرالیا می‌گوید مهاجم «تنها عمل کرده است»"
  },
  {
    "link": "/news/world-australia-68887448",
    "title": "Seven teens arrested in Sydney counter-terror raids",
    "description": "Police say they belong to the same network as the 16-year-old boy who allegedly attacked a church last week.",
    "lastUpdate": "2 days ago",
    "tag": "Australia"
  }
]
