[
  {
    "time": "2024-04-26",
    "href": "https://www.bbc.com/persian/articles/czd839vyezpo",
    "title": "شرکت صاحب تیک‌تاک در چین می‌گوید برنامه‌ای برای فروش این اپلیکیشن ندارد"
  },
  {
    "time": "2024-04-21",
    "href": "https://www.bbc.com/persian/articles/cyxejjypg4ro",
    "title": "هشدار تیک‌تاک: ممنوعیت این شبکه اجتماعی در آمریکا آزادی بیان را پایمال می‌کند"
  },
  {
    "link": "/news/articles/c87zp82247yo",
    "title": "TikTok vows to fight 'unconstitutional' US ban",
    "description": "The app faces being banned or sold in the US because of national security concerns.",
    "lastUpdate": "2 days ago",
    "tag": "Asia"
  }
]
