[
  {
    "time": "2024-04-25",
    "href": "https://www.bbc.com/persian/articles/c2qv9953ydyo",
    "title": "جنگ اوکراین؛ آمریکا مخفیانه موشک‌های دوربرد به کی‌یف داده است"
  },
  {
    "link": "/news/world-europe-68893196",
    "title": "Ukraine uses longer-range US missiles for first time",
    "description": "Missiles secretly delivered this month have been used to strike Russian targets in Crimea, US media say.",
    "lastUpdate": "1 day ago",
    "tag": "Europe"
  }
]
