[
  {
    "time": "2024-04-23",
    "href": "https://www.bbc.com/persian/articles/cyxewn9gg05o",
    "title": "برنامه بایدن برای ارائه کمک «سریع» نظامی به اوکراین"
  },
  {
    "link": "/news/world-us-canada-68885868",
    "title": "US to send new Ukraine aid right away, Biden says",
    "description": "The president says weapons and equipment will be sent to Kyiv \"in the next few hours\", after approval from Congress.",
    "lastUpdate": "2 days ago",
    "tag": "US & Canada"
  }
]
