[
  {
    "link": "/news/world-europe-68872783",
    "title": "What $61bn US aid boost could mean for Ukraine",
    "description": "After weeks of Russian advances, there are three areas where Ukraine could now strengthen its defences.",
    "lastUpdate": "2 days ago",
    "tag": "Europe"
  },
  {
    "link": "/news/world-europe-62002218",
    "title": "What weapons are being supplied to Ukraine?",
    "description": "US President Joe Biden has approved an extra $61bn of military aid to help Ukraine fight Russia.",
    "lastUpdate": "1 day ago",
    "tag": "Europe"
  },
  {
    "time": "2024-04-20",
    "href": "https://www.bbc.com/persian/articles/cp9grjd1jzpo",
    "title": "مجلس نمایندگان آمریکا بسته کمک ۶۱ میلیارد دلاری برای اوکراین را به رای می‌گذارد"
  },
  {
    "time": "2024-04-20",
    "href": "https://www.bbc.com/persian/articles/c289wllmpplo",
    "title": "مجلس نمایندگان آمریکا لایحه ۶۰ میلیارد دلاری کمک نظامی به اوکراین را تصویب کرد"
  },
  {
    "time": "2024-04-24",
    "href": "https://www.bbc.com/persian/articles/ck5kd0w03lno",
    "title": "مجموعه کمک خارجی به اوکراین که شامل «قانون مهسا» می‌شود در کنگره آمریکا تصویب شد"
  }
]
